steps_per_cycle,laplace,error,exception
2,2.1321510086020807,0.6423066023851386,
2,2.203145330271075,0.6421288416807877,
4,2.548887279927712,0.7108907189276954,
